credito_id,cliente_id,tipo_credito,saldo_actual,fecha_vencimiento,dias_mora,tasa_interes,ratio_deuda_ingreso
CR000001,C00324,Consumo,33168.76,2026-06-07,0,0.3378,0.3358
CR000002,C00119,Tarjeta,67762.13,2026-05-27,0,0.2653,0.241
CR000003,C00382,Capital de Trabajo,3720.29,2026-05-02,0,0.2706,0.0564
CR000004,C00353,Consumo,15768.36,2026-05-10,0,0.2302,0.177
CR000005,C00371,Consumo,17136.02,2026-04-28,0,0.2172,0.1958
CR000006,C00409,Consumo,35199.17,2026-03-12,42,0.2241,0.2813
CR000007,C00209,Capital de Trabajo,115113.99,2026-06-21,0,0.2011,0.501
CR000008,C00437,Tarjeta,168988.71,2026-06-05,0,0.2023,0.2955
CR000009,C00082,Capital de Trabajo,75140.54,2026-05-31,0,0.2857,0.3993
CR000010,C00322,Capital de Trabajo,41252.12,2026-01-16,97,0.2573,1.0069
CR000011,C00138,Hipotecario,143734.74,2026-06-20,0,0.082,0.2232
CR000012,C00218,Tarjeta,10955.71,2026-05-22,0,0.3607,0.506
CR000013,C00142,Consumo,20942.83,2026-06-03,0,0.368,0.9486
CR000014,C00189,Capital de Trabajo,27340.25,2026-05-02,0,0.3586,1.0284
CR000015,C00364,Capital de Trabajo,31213.78,2026-05-13,0,0.2785,0.2325
CR000016,C00063,Hipotecario,243113.39,2026-05-29,0,0.2016,0.3983
CR000017,C00060,Consumo,116239.26,2026-06-11,0,0.2239,1.1988
CR000018,C00028,Capital de Trabajo,33650.75,2026-06-21,0,0.3677,0.409
CR000019,C00077,Capital de Trabajo,33135.11,2026-04-30,0,0.2068,0.3195
CR000020,C00330,Tarjeta,56312.16,2026-05-29,0,0.2597,0.1941
CR000021,C00192,Consumo,30495.09,2026-05-19,0,0.2616,0.4219
CR000022,C00146,Consumo,19103.74,2026-06-18,0,0.3255,0.4765
CR000023,C00081,Capital de Trabajo,35949.9,2026-06-09,0,0.215,0.2705
CR000024,C00239,Tarjeta,34790.22,2026-05-23,0,0.2881,1.1507
CR000025,C00245,Tarjeta,1867.7,2026-05-11,0,0.24,0.02
CR000026,C00343,Capital de Trabajo,11592.64,2026-05-22,0,0.1701,0.1068
CR000027,C00075,Capital de Trabajo,59106.72,2026-04-28,0,0.1685,0.2131
CR000028,C00413,Consumo,184892.98,2026-05-28,0,0.1985,0.5958
CR000029,C00326,Consumo,18985.6,2026-05-23,0,0.3927,0.2689
CR000030,C00060,Consumo,94415.64,2026-05-24,0,0.2344,0.9737
CR000031,C00191,Capital de Trabajo,14465.7,2026-06-04,0,0.2144,0.24
CR000032,C00135,Capital de Trabajo,36192.17,2026-05-24,0,0.1536,0.4439
CR000033,C00017,Hipotecario,52949.65,2026-06-10,0,0.1366,0.0963
CR000034,C00169,Consumo,3491.18,2026-05-07,0,0.2639,0.0325
CR000035,C00086,Capital de Trabajo,39391.1,2026-05-01,0,0.1689,0.631
CR000036,C00137,Consumo,56750.74,2026-05-22,0,0.1553,0.2791
CR000037,C00161,Consumo,10103.62,2026-06-11,0,0.1728,0.1801
CR000038,C00394,Vehicular,15165.17,2026-05-23,0,0.3819,0.2118
CR000039,C00239,Tarjeta,16748.54,2026-04-29,0,0.3406,0.554
CR000040,C00085,Capital de Trabajo,80481.35,2026-06-09,0,0.2439,0.3894
CR000041,C00311,Consumo,7978.15,2026-06-09,0,0.3658,0.2452
CR000042,C00241,Consumo,159113.16,2026-05-19,0,0.1104,0.2535
CR000043,C00204,Capital de Trabajo,24317.34,2026-03-04,50,0.1992,0.5174
CR000044,C00049,Consumo,34071.49,2026-05-16,0,0.2706,0.1214
CR000045,C00148,Capital de Trabajo,47111.41,2026-05-14,0,0.2344,0.5077
CR000046,C00430,Capital de Trabajo,21567.56,2026-05-20,0,0.2959,0.1892
CR000047,C00006,Consumo,253932.14,2026-06-03,0,0.1395,1.111
CR000048,C00013,Consumo,26927.42,2026-04-28,0,0.2934,0.5431
CR000049,C00360,Tarjeta,17491.98,2026-06-11,0,0.4193,0.4151
CR000050,C00134,Vehicular,4411.39,2026-05-28,0,0.3027,0.0517
CR000051,C00039,Vehicular,11229.27,2026-06-12,0,0.2214,0.1734
CR000052,C00376,Consumo,18729.23,2026-03-26,28,0.2195,0.1993
CR000053,C00240,Hipotecario,81253.58,2026-05-17,0,0.1747,0.2045
CR000054,C00355,Consumo,16146.93,2026-03-03,51,0.376,0.2388
CR000055,C00431,Consumo,27655.56,2026-06-03,0,0.3764,0.3461
CR000056,C00096,Tarjeta,11776.01,2026-06-05,0,0.3564,0.1555
CR000057,C00371,Consumo,11730.18,2026-05-04,0,0.3226,0.134
CR000058,C00101,Tarjeta,99216.97,2026-05-19,0,0.1344,0.1559
CR000059,C00335,Capital de Trabajo,8037.53,2026-06-15,0,0.3103,0.0997
CR000060,C00353,Consumo,28184.47,2026-05-29,0,0.2357,0.3163
CR000061,C00048,Capital de Trabajo,78157.12,2026-06-15,0,0.268,0.3852
CR000062,C00120,Tarjeta,28427.7,2026-04-06,17,0.2683,0.3176
CR000063,C00312,Capital de Trabajo,54334.48,2026-06-10,0,0.2908,0.3104
CR000064,C00408,Consumo,31494.48,2026-06-14,0,0.1942,0.314
CR000065,C00071,Hipotecario,220184.9,2026-06-03,0,0.1117,0.5938
CR000066,C00014,Tarjeta,24802.81,2026-03-22,32,0.3181,0.3243
CR000067,C00084,Vehicular,19309.68,2026-06-01,0,0.2077,0.853
CR000068,C00309,Capital de Trabajo,34708.3,2026-05-04,0,0.2182,0.842
CR000069,C00394,Tarjeta,31444.12,2026-02-25,57,0.2956,0.4391
CR000070,C00011,Vehicular,28604.63,2025-12-31,113,0.4062,0.3599
CR000071,C00230,Tarjeta,13749.11,2026-05-12,0,0.1457,0.3352
CR000072,C00403,Capital de Trabajo,108873.09,2026-04-20,3,0.2006,0.581
CR000073,C00046,Consumo,32868.96,2026-03-19,35,0.412,0.3561
CR000074,C00303,Tarjeta,260539.05,2026-05-02,0,0.2189,0.4735
CR000075,C00360,Vehicular,24606.18,2026-05-21,0,0.35,0.5839
CR000076,C00292,Vehicular,25342.59,2026-06-15,0,0.3578,0.7345
CR000077,C00294,Vehicular,24776.33,2026-04-29,0,0.1932,0.2468
CR000078,C00191,Consumo,2999.14,2026-03-24,30,0.2963,0.0497
CR000079,C00337,Capital de Trabajo,86153.23,2026-04-17,6,0.2223,0.3033
CR000080,C00401,Capital de Trabajo,44190.12,2026-02-21,61,0.2078,0.3382
CR000081,C00301,Tarjeta,25061.32,2026-05-05,0,0.1262,0.1647
CR000082,C00018,Capital de Trabajo,113874.97,2026-05-12,0,0.1916,0.6279
CR000083,C00098,Capital de Trabajo,23877.17,2026-01-17,96,0.2787,0.2499
CR000084,C00079,Consumo,23619.36,2026-05-24,0,0.158,0.3453
CR000085,C00058,Hipotecario,244181.01,2026-05-16,0,0.0904,0.7635
CR000086,C00007,Consumo,28232.82,2026-05-13,0,0.2045,0.5365
CR000087,C00370,Consumo,15807.38,2026-04-09,14,0.37,0.1655
CR000088,C00322,Consumo,6305.55,2026-05-14,0,0.1962,0.1539
CR000089,C00391,Capital de Trabajo,39249.99,2026-05-21,0,0.122,0.183
CR000090,C00034,Consumo,31172.74,2026-05-23,0,0.3359,0.8165
CR000091,C00289,Tarjeta,8255.75,2026-06-18,0,0.354,0.1464
CR000092,C00004,Capital de Trabajo,18776.24,2026-04-29,0,0.3776,0.151
CR000093,C00012,Tarjeta,28765.27,2026-06-15,0,0.3996,0.5395
CR000094,C00437,Hipotecario,70950.62,2026-06-06,0,0.1082,0.1241
CR000095,C00206,Tarjeta,22929.5,2026-05-12,0,0.1986,0.2755
CR000096,C00162,Vehicular,29004.75,2026-06-18,0,0.1519,0.3576
CR000097,C00390,Consumo,4823.32,2026-06-14,0,0.1817,0.0851
CR000098,C00187,Consumo,128542.84,2026-05-13,0,0.1684,0.2476
CR000099,C00426,Consumo,39086.58,2026-03-26,28,0.2197,0.3002
CR000100,C00057,Capital de Trabajo,39541.79,2026-05-05,0,0.1838,0.3197
CR000101,C00190,Capital de Trabajo,43565.14,2026-05-16,0,0.2091,0.5545
CR000102,C00081,Tarjeta,111165.05,2026-05-29,0,0.2686,0.8363
CR000103,C00431,Consumo,1531.62,2026-06-05,0,0.3961,0.0192
CR000104,C00214,Capital de Trabajo,44150.84,2026-06-14,0,0.3204,0.5279
CR000105,C00013,Consumo,28447.22,2026-05-14,0,0.2298,0.5737
CR000106,C00055,Capital de Trabajo,71246.69,2026-05-15,0,0.173,0.7581
CR000107,C00324,Consumo,2227.77,2026-05-22,0,0.1744,0.0226
CR000108,C00122,Consumo,10272.71,2026-05-02,0,0.1521,0.2094
CR000109,C00217,Hipotecario,103464.1,2026-06-20,0,0.175,0.1794
CR000110,C00006,Consumo,75855.41,2026-03-13,41,0.121,0.3319
CR000111,C00028,Capital de Trabajo,27200.3,2026-05-23,0,0.362,0.3306
CR000112,C00136,Capital de Trabajo,39880.0,2026-04-22,1,0.1359,0.3756
CR000113,C00170,Capital de Trabajo,36471.61,2026-06-07,0,0.3255,0.5057
CR000114,C00304,Tarjeta,33672.14,2026-06-17,0,0.2878,0.4922
CR000115,C00395,Consumo,27834.37,2026-01-20,93,0.2424,0.5027
CR000116,C00437,Tarjeta,186008.94,2026-05-21,0,0.179,0.3253
CR000117,C00408,Tarjeta,23304.65,2026-06-20,0,0.3715,0.2324
CR000118,C00167,Consumo,194237.66,2026-06-01,0,0.1754,0.3096
CR000119,C00369,Tarjeta,14849.7,2026-05-11,0,0.3644,0.1337
CR000120,C00275,Consumo,169097.12,2026-05-09,0,0.163,0.6642
CR000121,C00075,Capital de Trabajo,11284.24,2026-05-20,0,0.2907,0.0407
CR000122,C00047,Tarjeta,8694.93,2026-06-16,0,0.2278,0.0783
CR000123,C00092,Consumo,25326.64,2026-05-08,0,0.3708,0.532
CR000124,C00222,Consumo,4343.97,2026-05-29,0,0.1824,0.0757
CR000125,C00098,Tarjeta,23310.86,2026-05-20,0,0.2205,0.244
CR000126,C00398,Capital de Trabajo,2812.78,2026-05-15,0,0.3598,0.0212
CR000127,C00436,Consumo,27854.77,2026-06-19,0,0.3257,0.4036
CR000128,C00100,Consumo,14222.81,2026-05-06,0,0.2967,0.1648
CR000129,C00105,Capital de Trabajo,27377.49,2026-03-07,47,0.1663,0.3607
CR000130,C00144,Capital de Trabajo,22605.09,2026-05-14,0,0.2507,0.229
CR000131,C00198,Capital de Trabajo,112595.23,2026-02-21,61,0.1846,0.5364
CR000132,C00399,Tarjeta,31310.25,2026-05-28,0,0.3835,1.0425
CR000133,C00150,Consumo,13071.37,2026-06-15,0,0.151,0.4378
CR000134,C00028,Capital de Trabajo,5762.99,2026-05-01,0,0.3348,0.07
CR000135,C00442,Consumo,9548.12,2026-06-12,0,0.2455,0.0678
CR000136,C00199,Vehicular,20416.11,2026-06-06,0,0.3022,0.1927
CR000137,C00342,Hipotecario,138497.82,2026-05-18,0,0.0917,0.2278
CR000138,C00121,Vehicular,29751.24,2026-06-16,0,0.4029,0.6384
CR000139,C00206,Vehicular,25791.34,2026-06-19,0,0.3291,0.3099
CR000140,C00292,Consumo,8093.07,2026-05-07,0,0.3546,0.2346
CR000141,C00231,Capital de Trabajo,84995.43,2026-04-28,0,0.1287,0.7389
CR000142,C00182,Consumo,37755.25,2026-05-25,0,0.1722,0.1273
CR000143,C00379,Consumo,75459.44,2026-05-23,0,0.1483,0.2946
CR000144,C00309,Tarjeta,35584.46,2026-05-02,0,0.1674,0.8633
CR000145,C00195,Capital de Trabajo,17956.16,2026-06-06,0,0.2149,0.1264
CR000146,C00271,Capital de Trabajo,6572.71,2026-06-16,0,0.3457,0.2087
CR000147,C00391,Capital de Trabajo,103462.42,2026-05-22,0,0.2226,0.4823
CR000148,C00255,Tarjeta,74791.24,2026-06-20,0,0.2173,0.1775
CR000149,C00205,Consumo,2651.06,2026-05-26,0,0.4147,0.029
CR000150,C00068,Capital de Trabajo,97371.84,2026-05-21,0,0.2081,0.3524
CR000151,C00180,Tarjeta,10995.95,2026-06-13,0,0.3006,0.1181
CR000152,C00133,Consumo,23957.86,2026-06-08,0,0.1971,0.5858
CR000153,C00239,Capital de Trabajo,20229.92,2026-06-04,0,0.3589,0.6691
CR000154,C00407,Consumo,19627.97,2026-06-07,0,0.3918,0.3807
CR000155,C00337,Capital de Trabajo,50070.24,2026-05-27,0,0.2343,0.1763
CR000156,C00297,Consumo,18704.05,2026-05-16,0,0.2108,0.7198
CR000157,C00089,Tarjeta,10578.8,2026-06-08,0,0.1616,0.1192
CR000158,C00141,Tarjeta,7651.88,2026-05-12,0,0.3345,0.2287
CR000159,C00086,Tarjeta,66601.25,2026-05-28,0,0.1436,1.0669
CR000160,C00081,Consumo,80191.07,2026-05-30,0,0.1349,0.6033
CR000161,C00202,Consumo,114854.02,2026-05-10,0,0.2212,0.5418
CR000162,C00334,Tarjeta,45930.71,2026-06-04,0,0.2887,0.3774
CR000163,C00305,Vehicular,10498.26,2026-06-12,0,0.3557,0.1029
CR000164,C00062,Consumo,11197.44,2026-06-19,0,0.2124,0.1178
CR000165,C00259,Consumo,30149.43,2026-06-01,0,0.214,0.8538
CR000166,C00314,Tarjeta,4399.97,2026-05-02,0,0.212,0.0558
CR000167,C00332,Consumo,49543.75,2026-04-07,16,0.122,0.176
CR000168,C00318,Consumo,8613.08,2026-05-09,0,0.1826,0.1049
CR000169,C00359,Capital de Trabajo,110377.86,2026-05-06,0,0.2241,0.7877
CR000170,C00151,Tarjeta,6336.04,2026-06-17,0,0.1443,0.0475
CR000171,C00169,Consumo,25798.22,2026-05-31,0,0.1762,0.2402
CR000172,C00035,Capital de Trabajo,27752.51,2026-05-08,0,0.3166,0.9263
CR000173,C00338,Tarjeta,15928.94,2026-03-15,39,0.0949,0.0325
CR000174,C00392,Tarjeta,8386.43,2026-06-17,0,0.3323,0.221
CR000175,C00277,Tarjeta,12164.56,2026-04-06,17,0.2816,0.2208
CR000176,C00227,Tarjeta,23263.51,2026-02-12,70,0.2863,0.8338
CR000177,C00172,Consumo,6806.36,2026-05-07,0,0.3886,0.1216
CR000178,C00331,Capital de Trabajo,16608.87,2026-06-09,0,0.1931,0.1512
CR000179,C00075,Consumo,64134.58,2026-03-25,29,0.1339,0.2312
CR000180,C00234,Tarjeta,22958.14,2026-06-06,0,0.4107,0.2401
CR000181,C00060,Consumo,33848.17,2026-05-11,0,0.2932,0.3491
CR000182,C00374,Hipotecario,272947.57,2026-06-12,0,0.1185,0.7106
CR000183,C00322,Tarjeta,17442.11,2026-04-30,0,0.2064,0.4257
CR000184,C00301,Consumo,17024.61,2026-06-13,0,0.2966,0.1119
CR000185,C00197,Consumo,17883.42,2026-05-10,0,0.2686,0.2437
CR000186,C00047,Consumo,36109.0,2026-04-20,3,0.3724,0.3253
CR000187,C00335,Tarjeta,21327.76,2026-05-19,0,0.1757,0.2647
CR000188,C00166,Capital de Trabajo,33557.4,2026-05-30,0,0.2145,1.3937
CR000189,C00047,Consumo,36699.46,2026-05-05,0,0.3196,0.3306
CR000190,C00449,Consumo,28664.17,2026-06-02,0,0.2875,0.4995
CR000191,C00249,Consumo,26414.29,2026-05-15,0,0.3351,0.9423
CR000192,C00407,Consumo,3416.62,2026-06-08,0,0.3331,0.0663
CR000193,C00315,Consumo,24735.9,2026-05-15,0,0.2237,0.48
CR000194,C00319,Capital de Trabajo,48019.17,2026-04-28,0,0.2974,0.343
CR000195,C00223,Tarjeta,14898.27,2026-06-14,0,0.2485,0.2291
CR000196,C00225,Tarjeta,23873.52,2026-05-07,0,0.3492,0.7614
CR000197,C00075,Capital de Trabajo,42057.64,2026-04-01,22,0.2722,0.1516
CR000198,C00187,Consumo,134987.54,2026-04-30,0,0.1527,0.26
CR000199,C00041,Consumo,4289.56,2026-05-18,0,0.1455,0.0444
CR000200,C00213,Vehicular,9360.67,2026-01-12,101,0.1518,0.1075
CR000201,C00160,Tarjeta,106725.71,2026-05-10,0,0.2102,0.1867
CR000202,C00281,Consumo,15053.56,2026-05-19,0,0.3606,0.5982
CR000203,C00150,Capital de Trabajo,3913.53,2026-06-01,0,0.2471,0.1311
CR000204,C00192,Consumo,6336.55,2026-05-03,0,0.3586,0.0877
CR000205,C00035,Capital de Trabajo,42193.93,2026-01-21,92,0.2987,1.4083
CR000206,C00152,Consumo,16427.49,2026-06-01,0,0.3426,0.192
CR000207,C00384,Consumo,16396.39,2026-06-03,0,0.3988,0.1811
CR000208,C00303,Consumo,227192.2,2026-05-12,0,0.2087,0.4129
CR000209,C00405,Consumo,1853.34,2026-06-12,0,0.4022,0.018
CR000210,C00266,Vehicular,2802.37,2026-06-19,0,0.4159,0.0398
CR000211,C00267,Consumo,30203.79,2026-05-08,0,0.2061,0.3082
CR000212,C00086,Capital de Trabajo,108822.1,2026-05-31,0,0.1815,1.7432
CR000213,C00020,Consumo,34466.19,2026-02-05,77,0.2183,0.378
CR000214,C00314,Tarjeta,24007.17,2026-05-30,0,0.2816,0.3043
CR000215,C00431,Tarjeta,22066.9,2026-05-11,0,0.3761,0.2762
CR000216,C00217,Hipotecario,109093.96,2026-05-21,0,0.0964,0.1892
CR000217,C00211,Capital de Trabajo,11493.53,2026-05-11,0,0.2303,0.1086
CR000218,C00021,Tarjeta,12597.9,2026-06-09,0,0.3586,0.2602
CR000219,C00373,Consumo,33664.07,2026-03-14,40,0.2729,0.3966
CR000220,C00035,Capital de Trabajo,44758.25,2026-05-19,0,0.2848,1.4939
CR000221,C00108,Tarjeta,33981.06,2026-05-28,0,0.1754,0.3548
CR000222,C00133,Tarjeta,21255.97,2026-05-01,0,0.147,0.5197
CR000223,C00163,Capital de Trabajo,104316.1,2026-05-30,0,0.285,0.7582
CR000224,C00181,Tarjeta,20957.37,2026-05-18,0,0.2665,0.4266
CR000225,C00290,Consumo,27709.71,2026-03-28,26,0.316,1.1542
CR000226,C00312,Tarjeta,12245.67,2026-05-26,0,0.2758,0.0699
CR000227,C00376,Vehicular,33726.39,2026-06-04,0,0.2848,0.3589
CR000228,C00105,Consumo,3028.83,2026-06-09,0,0.229,0.0399
CR000229,C00083,Tarjeta,175805.56,2026-05-12,0,0.0829,0.2852
CR000230,C00022,Tarjeta,26170.56,2026-06-14,0,0.1655,0.5223
CR000231,C00405,Consumo,31183.79,2026-05-26,0,0.1769,0.3025
CR000232,C00131,Consumo,2931.13,2026-06-17,0,0.3856,0.0338
CR000233,C00054,Capital de Trabajo,35692.85,2026-05-14,0,0.2418,0.4877
CR000234,C00331,Tarjeta,39475.54,2026-06-07,0,0.1606,0.3594
CR000235,C00393,Vehicular,19468.8,2026-05-28,0,0.187,0.203
CR000236,C00350,Consumo,17072.23,2026-04-28,0,0.3954,0.1841
CR000237,C00162,Vehicular,9402.03,2026-06-07,0,0.3823,0.1159
CR000238,C00275,Consumo,36850.39,2026-06-21,0,0.118,0.1447
CR000239,C00155,Consumo,201919.6,2026-05-24,0,0.1627,0.8609
CR000240,C00370,Capital de Trabajo,28630.76,2026-05-25,0,0.3369,0.2997
CR000241,C00447,Tarjeta,21972.15,2026-06-14,0,0.2733,0.8779
CR000242,C00247,Consumo,6084.6,2026-05-31,0,0.1985,0.0785
CR000243,C00324,Tarjeta,26858.67,2026-05-28,0,0.4084,0.2719
CR000244,C00081,Capital de Trabajo,38011.07,2026-06-05,0,0.1442,0.286
CR000245,C00020,Capital de Trabajo,38028.52,2026-05-23,0,0.3187,0.417
CR000246,C00308,Tarjeta,78987.76,2026-01-11,102,0.2869,0.3319
CR000247,C00174,Vehicular,26899.74,2026-05-10,0,0.3881,0.4509
CR000248,C00419,Consumo,130483.81,2026-05-18,0,0.1427,0.264
CR000249,C00004,Consumo,7569.35,2026-05-03,0,0.2528,0.0609
CR000250,C00352,Capital de Trabajo,98135.01,2026-06-05,0,0.232,0.9789
CR000251,C00088,Capital de Trabajo,6070.04,2026-06-12,0,0.2087,0.1006
CR000252,C00261,Tarjeta,40930.49,2026-05-02,0,0.283,0.1506
CR000253,C00133,Consumo,26482.58,2026-05-21,0,0.3158,0.6475
CR000254,C00278,Hipotecario,68569.46,2026-05-01,0,0.1197,0.1207
CR000255,C00368,Consumo,80629.57,2026-06-19,0,0.1103,0.4565
CR000256,C00154,Tarjeta,31510.79,2026-05-13,0,0.4161,0.5105
CR000257,C00349,Tarjeta,22169.33,2026-05-18,0,0.2009,0.8641
CR000258,C00089,Consumo,2207.06,2026-06-03,0,0.2534,0.0249
CR000259,C00243,Tarjeta,20330.59,2026-05-05,0,0.1667,0.2766
CR000260,C00353,Tarjeta,2951.62,2026-05-14,0,0.1641,0.0331
CR000261,C00206,Tarjeta,2803.88,2026-05-20,0,0.1912,0.0337
CR000262,C00338,Consumo,39913.49,2026-05-09,0,0.1464,0.0814
CR000263,C00337,Tarjeta,23303.74,2026-05-02,0,0.131,0.082
CR000264,C00360,Consumo,14762.67,2026-04-29,0,0.3483,0.3503
CR000265,C00138,Tarjeta,233715.9,2026-05-08,0,0.1564,0.3629
CR000266,C00442,Capital de Trabajo,25505.24,2026-05-25,0,0.2921,0.181
CR000267,C00044,Tarjeta,103967.05,2026-05-07,0,0.2255,0.3874
CR000268,C00330,Capital de Trabajo,82580.89,2026-06-17,0,0.2649,0.2847
CR000269,C00437,Hipotecario,128291.72,2026-06-07,0,0.1147,0.2244
CR000270,C00241,Hipotecario,123369.36,2026-05-19,0,0.1858,0.1965
CR000271,C00441,Tarjeta,7244.88,2026-06-13,0,0.1626,0.2177
CR000272,C00102,Vehicular,3341.71,2026-01-17,96,0.2791,0.0558
CR000273,C00122,Tarjeta,21354.41,2026-04-11,12,0.2207,0.4352
CR000274,C00154,Consumo,6330.32,2026-06-15,0,0.2358,0.1026
CR000275,C00167,Consumo,221512.68,2026-05-13,0,0.1187,0.3531
CR000276,C00296,Consumo,29165.25,2026-05-08,0,0.1896,0.2738
CR000277,C00281,Tarjeta,26437.53,2026-06-08,0,0.4042,1.0506
CR000278,C00297,Consumo,31194.16,2026-05-10,0,0.2745,1.2005
CR000279,C00129,Consumo,11809.83,2026-06-12,0,0.2206,0.2369
CR000280,C00285,Capital de Trabajo,92308.57,2026-06-14,0,0.1852,0.5549
CR000281,C00386,Hipotecario,20285.66,2026-06-06,0,0.1808,0.0626
CR000282,C00049,Tarjeta,105953.03,2026-01-29,84,0.1694,0.3774
CR000283,C00223,Consumo,4252.82,2026-05-16,0,0.33,0.0654
CR000284,C00387,Consumo,17308.61,2026-05-26,0,0.1732,0.5918
CR000285,C00100,Consumo,27120.68,2026-05-12,0,0.2851,0.3143
CR000286,C00356,Consumo,102434.69,2026-06-17,0,0.2524,0.6726
CR000287,C00185,Capital de Trabajo,35292.84,2026-06-14,0,0.201,0.8512
CR000288,C00424,Capital de Trabajo,85089.11,2026-05-13,0,0.2876,0.2857
CR000289,C00425,Consumo,33243.09,2026-06-19,0,0.2283,0.3847
CR000290,C00205,Consumo,6332.5,2026-06-02,0,0.2784,0.0694
CR000291,C00065,Capital de Trabajo,71614.39,2026-05-04,0,0.2634,0.3283
CR000292,C00048,Capital de Trabajo,28074.48,2026-06-05,0,0.1303,0.1384
CR000293,C00057,Capital de Trabajo,71593.15,2026-05-05,0,0.2827,0.5788
CR000294,C00120,Tarjeta,24700.77,2026-06-01,0,0.2365,0.276
CR000295,C00303,Hipotecario,115866.78,2026-06-01,0,0.1023,0.2106
CR000296,C00063,Hipotecario,50842.89,2026-02-26,56,0.1792,0.0833
CR000297,C00201,Tarjeta,68186.15,2026-05-09,0,0.2713,0.3231
CR000298,C00290,Tarjeta,25025.96,2026-02-28,54,0.2844,1.0424
CR000299,C00135,Consumo,13398.14,2026-05-05,0,0.3411,0.1643
CR000300,C00119,Capital de Trabajo,61652.03,2026-05-11,0,0.2294,0.2193
CR000301,C00123,Capital de Trabajo,98909.5,2026-05-10,0,0.2604,0.7239
CR000302,C00077,Capital de Trabajo,30009.06,2026-05-06,0,0.3587,0.2894
CR000303,C00444,Consumo,26964.51,2026-06-15,0,0.417,0.2786
CR000304,C00002,Capital de Trabajo,103574.75,2026-05-22,0,0.244,0.3749
CR000305,C00361,Tarjeta,8395.79,2026-05-19,0,0.327,0.3367
CR000306,C00115,Tarjeta,4746.47,2026-06-12,0,0.3114,0.0659
CR000307,C00136,Capital de Trabajo,60735.95,2026-05-26,0,0.1257,0.572
CR000308,C00389,Consumo,32085.64,2026-05-09,0,0.236,0.3357
CR000309,C00271,Capital de Trabajo,39710.59,2026-06-07,0,0.257,1.2608
CR000310,C00087,Consumo,136961.49,2026-06-16,0,0.2096,0.2156
CR000311,C00006,Tarjeta,74881.52,2026-05-24,0,0.1006,0.3276
CR000312,C00065,Capital de Trabajo,91410.02,2026-05-13,0,0.2749,0.419
CR000313,C00426,Tarjeta,6574.74,2026-04-14,9,0.1768,0.0505
CR000314,C00204,Consumo,30785.42,2026-05-23,0,0.3479,0.655
CR000315,C00214,Capital de Trabajo,32666.55,2026-04-09,14,0.2751,0.3906
CR000316,C00179,Vehicular,29247.21,2026-05-13,0,0.1481,0.5836
CR000317,C00308,Capital de Trabajo,104752.33,2026-04-30,0,0.1465,0.4401
CR000318,C00392,Consumo,32583.54,2026-05-17,0,0.4103,0.8588
CR000319,C00323,Tarjeta,43118.93,2026-04-11,12,0.2512,1.2803
CR000320,C00219,Consumo,8604.53,2026-05-16,0,0.229,0.1001
CR000321,C00063,Hipotecario,234889.21,2026-06-08,0,0.1547,0.3849
CR000322,C00164,Consumo,34060.78,2026-04-30,0,0.2251,0.8267
CR000323,C00231,Capital de Trabajo,13285.28,2026-05-31,0,0.2573,0.1155
CR000324,C00356,Capital de Trabajo,119823.91,2026-05-29,0,0.2433,0.7868
CR000325,C00442,Capital de Trabajo,7651.79,2026-06-06,0,0.1759,0.0543
CR000326,C00288,Tarjeta,9374.24,2026-03-31,23,0.1925,0.2595
CR000327,C00230,Consumo,32674.07,2026-06-08,0,0.203,0.7967
CR000328,C00140,Tarjeta,3146.61,2026-04-14,9,0.1709,0.0821
CR000329,C00398,Capital de Trabajo,16160.61,2026-03-24,30,0.2746,0.1217
CR000330,C00041,Consumo,6262.83,2026-05-19,0,0.2656,0.0648
CR000331,C00315,Capital de Trabajo,33327.31,2026-06-20,0,0.3233,0.6467
CR000332,C00160,Tarjeta,32316.98,2026-05-18,0,0.1194,0.0565
CR000333,C00033,Consumo,14413.49,2026-06-15,0,0.2295,0.2
CR000334,C00450,Tarjeta,5357.25,2026-05-05,0,0.1572,0.0994
CR000335,C00256,Consumo,4637.48,2026-06-15,0,0.2848,0.1982
CR000336,C00351,Capital de Trabajo,72626.81,2026-05-19,0,0.17,0.3746
CR000337,C00058,Tarjeta,98900.6,2026-05-01,0,0.2198,0.3092
CR000338,C00138,Consumo,272609.71,2026-05-25,0,0.1347,0.4233
CR000339,C00113,Consumo,16157.69,2026-06-01,0,0.1404,0.191
CR000340,C00150,Capital de Trabajo,22704.82,2026-02-25,57,0.2687,0.7605
CR000341,C00198,Capital de Trabajo,44398.04,2026-04-28,0,0.29,0.2115
CR000342,C00330,Consumo,63421.3,2026-06-19,0,0.277,0.2187
CR000343,C00147,Tarjeta,91791.02,2026-05-12,0,0.1874,0.3989
CR000344,C00260,Consumo,15072.9,2026-06-11,0,0.3617,0.3846
CR000345,C00299,Capital de Trabajo,73584.81,2026-06-14,0,0.2691,0.4746
CR000346,C00365,Capital de Trabajo,83445.79,2026-06-21,0,0.278,0.3479
CR000347,C00439,Consumo,185448.35,2026-05-15,0,0.1286,0.6028
CR000348,C00407,Consumo,19379.46,2026-05-23,0,0.2855,0.3758
CR000349,C00182,Capital de Trabajo,107513.52,2026-06-11,0,0.1632,0.3626
CR000350,C00154,Consumo,20884.55,2026-06-21,0,0.2732,0.3384
CR000351,C00406,Consumo,147103.5,2026-06-04,0,0.0981,0.2601
CR000352,C00302,Tarjeta,37796.37,2026-05-18,0,0.2834,0.1334
CR000353,C00030,Vehicular,3483.39,2026-05-29,0,0.3419,0.0426
CR000354,C00153,Vehicular,13491.48,2026-05-01,0,0.2309,0.3579
CR000355,C00250,Vehicular,30160.47,2026-05-18,0,0.197,0.2998
CR000356,C00427,Capital de Trabajo,59557.66,2026-05-03,0,0.1364,0.2518
CR000357,C00009,Capital de Trabajo,73793.99,2026-06-02,0,0.2939,0.2477
CR000358,C00065,Tarjeta,30484.23,2026-06-06,0,0.2823,0.1397
CR000359,C00138,Tarjeta,123882.98,2026-06-04,0,0.1884,0.1924
CR000360,C00075,Capital de Trabajo,86696.95,2026-05-26,0,0.1921,0.3126
CR000361,C00220,Consumo,21858.23,2026-06-08,0,0.2085,0.1612
CR000362,C00322,Consumo,11590.98,2026-05-27,0,0.3697,0.2829
CR000363,C00021,Tarjeta,22982.22,2026-05-14,0,0.3508,0.4748
CR000364,C00025,Tarjeta,17824.4,2026-06-01,0,0.411,0.3627
CR000365,C00337,Tarjeta,15138.02,2026-05-03,0,0.1257,0.0533
CR000366,C00430,Capital de Trabajo,105030.52,2026-04-19,4,0.2927,0.9214
CR000367,C00096,Tarjeta,1950.75,2026-05-30,0,0.1611,0.0258
CR000368,C00448,Consumo,57748.19,2026-05-25,0,0.2525,0.4915
CR000369,C00151,Consumo,84889.5,2026-05-03,0,0.1448,0.636
CR000370,C00227,Consumo,18209.83,2026-05-09,0,0.2331,0.6527
CR000371,C00074,Consumo,19839.18,2026-05-24,0,0.1896,0.7636
CR000372,C00074,Tarjeta,6044.62,2026-06-21,0,0.1864,0.2327
CR000373,C00395,Consumo,15792.22,2026-05-02,0,0.3631,0.2852
CR000374,C00204,Capital de Trabajo,21774.67,2026-06-16,0,0.2463,0.4633
CR000375,C00302,Capital de Trabajo,63720.87,2026-06-14,0,0.121,0.2248
CR000376,C00015,Tarjeta,69819.19,2026-06-01,0,0.1829,0.5421
CR000377,C00025,Vehicular,12656.29,2026-06-03,0,0.1504,0.2575
CR000378,C00225,Consumo,16183.64,2026-06-10,0,0.3387,0.5162
CR000379,C00253,Capital de Trabajo,26002.72,2026-05-05,0,0.2688,0.1564
CR000380,C00308,Tarjeta,116370.32,2026-05-30,0,0.202,0.489
CR000381,C00316,Vehicular,17135.24,2026-05-22,0,0.1708,0.1682
CR000382,C00378,Consumo,115319.21,2026-05-14,0,0.268,0.6472
CR000383,C00396,Tarjeta,44530.36,2026-03-31,23,0.2374,0.1676
CR000384,C00401,Tarjeta,61728.93,2026-04-30,0,0.2804,0.4724
CR000385,C00319,Capital de Trabajo,21503.39,2026-05-16,0,0.1969,0.1536
CR000386,C00244,Capital de Trabajo,23878.59,2026-05-13,0,0.3504,0.2916
CR000387,C00161,Tarjeta,14313.2,2026-05-25,0,0.412,0.2551
CR000388,C00071,Tarjeta,159361.53,2026-06-06,0,0.1541,0.4298
CR000389,C00045,Vehicular,25651.08,2026-06-10,0,0.1593,0.4176
CR000390,C00224,Consumo,20382.1,2026-05-18,0,0.2987,0.2634
CR000391,C00025,Consumo,3531.1,2026-05-27,0,0.3222,0.0719
CR000392,C00060,Consumo,72786.62,2026-05-18,0,0.2032,0.7507
CR000393,C00186,Consumo,137515.67,2026-04-28,0,0.1089,0.7309
CR000394,C00210,Consumo,18801.18,2026-04-29,0,0.2837,0.2679
CR000395,C00392,Consumo,18029.82,2026-05-27,0,0.2182,0.4752
CR000396,C00200,Capital de Trabajo,39832.0,2026-06-10,0,0.3541,0.2999
CR000397,C00202,Capital de Trabajo,28582.22,2026-05-05,0,0.1735,0.1348
CR000398,C00080,Tarjeta,11087.03,2026-05-21,0,0.2445,0.2319
CR000399,C00258,Hipotecario,155797.95,2026-05-06,0,0.0944,0.3551
CR000400,C00254,Capital de Trabajo,16072.46,2026-05-22,0,0.236,0.1246
CR000401,C00424,Capital de Trabajo,110941.24,2026-05-10,0,0.1809,0.3726
CR000402,C00067,Tarjeta,15553.23,2026-05-16,0,0.2976,0.1859
CR000403,C00348,Vehicular,25900.44,2026-05-17,0,0.2027,0.8375
CR000404,C00382,Capital de Trabajo,9504.04,2026-05-03,0,0.354,0.1441
CR000405,C00360,Tarjeta,17225.52,2026-06-07,0,0.3674,0.4088
CR000406,C00011,Consumo,23012.69,2026-05-11,0,0.3895,0.2895
CR000407,C00432,Consumo,16525.66,2026-06-03,0,0.1412,0.3354
CR000408,C00060,Consumo,84085.5,2026-06-08,0,0.2897,0.8672
CR000409,C00440,Consumo,6905.84,2026-05-20,0,0.2357,0.1379
CR000410,C00055,Consumo,15592.51,2026-05-25,0,0.2825,0.1659
CR000411,C00356,Consumo,47628.46,2026-06-11,0,0.122,0.3128
CR000412,C00377,Capital de Trabajo,57202.56,2026-05-14,0,0.2046,0.354
CR000413,C00254,Capital de Trabajo,40848.36,2026-05-29,0,0.2627,0.3166
CR000414,C00175,Consumo,33401.93,2026-05-09,0,0.1658,0.7214
CR000415,C00436,Consumo,12667.38,2026-06-18,0,0.1459,0.1835
CR000416,C00448,Capital de Trabajo,26478.6,2026-05-24,0,0.2611,0.2254
CR000417,C00129,Vehicular,17725.03,2026-05-15,0,0.4073,0.3555
CR000418,C00354,Consumo,34124.45,2026-05-28,0,0.3303,1.1998
CR000419,C00133,Consumo,28884.85,2026-06-19,0,0.2625,0.7063
CR000420,C00387,Tarjeta,19232.97,2026-04-13,10,0.4172,0.6576
CR000421,C00064,Tarjeta,17391.12,2026-05-14,0,0.3307,0.1914
CR000422,C00433,Tarjeta,263938.86,2026-04-22,1,0.19,0.6845
CR000423,C00098,Capital de Trabajo,44593.38,2026-06-15,0,0.159,0.4668
CR000424,C00059,Consumo,34600.68,2026-05-02,0,0.4065,0.6001
CR000425,C00151,Consumo,101701.51,2026-05-16,0,0.1439,0.762
CR000426,C00095,Consumo,29979.39,2026-05-31,0,0.2655,0.2717
CR000427,C00011,Consumo,33609.78,2026-05-22,0,0.2597,0.4228
CR000428,C00163,Capital de Trabajo,73391.32,2026-05-11,0,0.2981,0.5334
CR000429,C00220,Capital de Trabajo,7772.72,2026-03-20,34,0.2785,0.0573
CR000430,C00361,Tarjeta,23752.66,2026-04-04,19,0.2514,0.9526
CR000431,C00336,Capital de Trabajo,44629.05,2026-06-14,0,0.1684,0.3873
CR000432,C00164,Capital de Trabajo,4086.92,2026-05-27,0,0.2147,0.0992
CR000433,C00329,Consumo,1512.94,2026-05-26,0,0.1491,0.0277
CR000434,C00364,Consumo,36424.16,2026-05-15,0,0.2876,0.2713
CR000435,C00345,Hipotecario,163696.08,2026-06-14,0,0.1959,0.3468
CR000436,C00275,Consumo,112342.85,2026-06-05,0,0.2121,0.4413
CR000437,C00025,Consumo,14886.18,2026-06-21,0,0.3121,0.3029
CR000438,C00076,Capital de Trabajo,118787.8,2026-06-15,0,0.1432,0.5495
CR000439,C00254,Consumo,28300.73,2026-06-08,0,0.1531,0.2194
CR000440,C00373,Tarjeta,10334.13,2026-05-24,0,0.3035,0.1218
CR000441,C00431,Consumo,2735.79,2026-05-01,0,0.3932,0.0342
CR000442,C00300,Capital de Trabajo,8173.68,2026-05-14,0,0.3348,0.1235
CR000443,C00362,Consumo,23819.73,2026-06-03,0,0.3246,0.2708
CR000444,C00235,Consumo,17174.4,2026-06-15,0,0.2471,0.1927
CR000445,C00432,Tarjeta,18098.79,2026-06-05,0,0.3983,0.3674
CR000446,C00158,Vehicular,17659.0,2026-05-06,0,0.2814,0.2086
CR000447,C00307,Consumo,58208.75,2026-04-21,2,0.1384,0.5544
CR000448,C00087,Hipotecario,150205.42,2026-05-02,0,0.0944,0.2365
CR000449,C00015,Capital de Trabajo,65444.21,2026-05-23,0,0.1474,0.5081
CR000450,C00010,Consumo,17096.97,2026-05-15,0,0.1415,0.3229
CR000451,C00192,Tarjeta,16200.31,2026-05-24,0,0.3492,0.2241
CR000452,C00326,Tarjeta,25887.46,2026-05-01,0,0.2722,0.3666
CR000453,C00295,Vehicular,5163.02,2026-06-20,0,0.2697,0.1152
CR000454,C00341,Tarjeta,11496.4,2026-06-18,0,0.2168,0.1822
CR000455,C00257,Consumo,23968.91,2026-05-26,0,0.3798,0.1926
CR000456,C00133,Consumo,6027.19,2026-05-03,0,0.2926,0.1474
CR000457,C00152,Tarjeta,16936.73,2026-03-13,41,0.22,0.1979
CR000458,C00321,Capital de Trabajo,11685.28,2026-05-14,0,0.2387,0.1084
CR000459,C00132,Consumo,91955.73,2026-04-29,0,0.1504,0.3258
CR000460,C00310,Tarjeta,38200.84,2026-05-01,0,0.2192,0.3367
CR000461,C00228,Tarjeta,108966.31,2026-06-20,0,0.2953,0.4918
CR000462,C00146,Tarjeta,34002.54,2026-05-11,0,0.3353,0.8481
CR000463,C00046,Consumo,19784.75,2026-05-27,0,0.283,0.2143
CR000464,C00434,Tarjeta,34336.37,2026-06-21,0,0.2427,0.3157
CR000465,C00252,Consumo,16630.95,2026-06-03,0,0.2077,0.3883
CR000466,C00287,Consumo,16659.05,2026-05-28,0,0.3361,0.181
CR000467,C00153,Tarjeta,31372.54,2026-06-08,0,0.2669,0.8321
CR000468,C00404,Consumo,24907.68,2026-06-02,0,0.2002,0.5799
CR000469,C00398,Consumo,31486.58,2026-05-16,0,0.3467,0.2371
CR000470,C00250,Vehicular,34257.65,2026-06-15,0,0.3107,0.3406
CR000471,C00094,Consumo,6731.65,2026-05-10,0,0.1308,0.0276
CR000472,C00214,Tarjeta,13894.14,2026-05-31,0,0.3328,0.1661
CR000473,C00202,Consumo,11254.98,2026-06-11,0,0.1876,0.0531
CR000474,C00212,Tarjeta,19602.73,2026-04-29,0,0.2058,0.4951
CR000475,C00061,Hipotecario,111310.9,2026-05-31,0,0.1798,0.1874
CR000476,C00251,Consumo,58494.59,2026-06-02,0,0.1496,0.3013
CR000477,C00102,Tarjeta,22725.83,2026-05-08,0,0.2395,0.3798
CR000478,C00269,Consumo,2453.79,2026-06-02,0,0.3573,0.0355
CR000479,C00020,Capital de Trabajo,16747.04,2026-05-04,0,0.3044,0.1836
CR000480,C00408,Tarjeta,27913.28,2026-05-10,0,0.253,0.2783
CR000481,C00033,Capital de Trabajo,105167.59,2026-05-29,0,0.2322,1.4595
CR000482,C00161,Consumo,31923.26,2026-05-30,0,0.2808,0.569
CR000483,C00371,Consumo,3190.4,2026-05-28,0,0.2621,0.0365
CR000484,C00304,Consumo,14397.21,2026-06-07,0,0.2028,0.2104
CR000485,C00138,Tarjeta,137501.75,2026-04-28,0,0.1592,0.2135
CR000486,C00258,Hipotecario,239746.64,2026-05-14,0,0.1079,0.5464
CR000487,C00345,Consumo,211626.4,2026-05-31,0,0.1723,0.4483
CR000488,C00204,Consumo,8112.52,2026-06-08,0,0.3744,0.1726
CR000489,C00252,Tarjeta,1632.25,2026-06-09,0,0.2726,0.0381
CR000490,C00346,Tarjeta,191320.45,2026-04-30,0,0.0937,0.5797
CR000491,C00132,Tarjeta,56307.39,2026-06-16,0,0.2177,0.1995
CR000492,C00276,Tarjeta,27384.56,2026-06-02,0,0.3249,0.3353
CR000493,C00339,Consumo,25134.63,2026-04-28,0,0.3702,0.5395
CR000494,C00186,Consumo,243628.18,2026-05-25,0,0.2173,1.2949
CR000495,C00252,Vehicular,6308.06,2026-04-05,18,0.3033,0.1473
CR000496,C00113,Consumo,18934.56,2026-06-02,0,0.2238,0.2239
CR000497,C00099,Consumo,7008.26,2026-06-05,0,0.2799,0.1547
CR000498,C00311,Consumo,26474.68,2026-06-07,0,0.3,0.8137
CR000499,C00140,Capital de Trabajo,44126.29,2026-05-09,0,0.2781,1.1518
CR000500,C00133,Tarjeta,31447.98,2026-06-13,0,0.4029,0.769
CR000501,C00257,Consumo,20285.96,2026-05-03,0,0.165,0.163
CR000502,C00219,Tarjeta,17184.73,2026-05-09,0,0.2856,0.2
CR000503,C00123,Capital de Trabajo,48877.4,2026-06-16,0,0.136,0.3577
CR000504,C00372,Tarjeta,3894.24,2026-05-26,0,0.2035,0.0465
CR000505,C00248,Tarjeta,5596.15,2026-06-15,0,0.1965,0.2171
CR000506,C00224,Consumo,7706.03,2026-05-22,0,0.333,0.0996
CR000507,C00189,Consumo,25113.49,2026-05-31,0,0.206,0.9446
CR000508,C00105,Capital de Trabajo,24876.72,2026-05-02,0,0.2656,0.3277
CR000509,C00048,Capital de Trabajo,93033.11,2026-05-29,0,0.1744,0.4585
CR000510,C00079,Consumo,2167.68,2026-05-21,0,0.1495,0.0317
CR000511,C00223,Vehicular,8749.33,2026-05-31,0,0.3469,0.1346
CR000512,C00404,Tarjeta,18609.44,2026-06-05,0,0.2814,0.4332
CR000513,C00250,Tarjeta,24603.46,2026-06-19,0,0.3541,0.2446
CR000514,C00086,Capital de Trabajo,50998.59,2026-05-28,0,0.1413,0.8169
CR000515,C00402,Tarjeta,24080.21,2026-05-31,0,0.2362,0.4355
CR000516,C00022,Vehicular,19458.25,2026-05-11,0,0.1568,0.3883
CR000517,C00354,Consumo,2446.81,2026-06-02,0,0.3873,0.086
CR000518,C00428,Tarjeta,25234.6,2026-06-06,0,0.3864,0.4374
CR000519,C00285,Tarjeta,85070.34,2026-06-04,0,0.1947,0.5114
CR000520,C00391,Consumo,85593.23,2026-05-06,0,0.2258,0.399
CR000521,C00206,Tarjeta,13032.0,2026-05-18,0,0.401,0.1566
CR000522,C00138,Tarjeta,128929.62,2026-06-18,0,0.1439,0.2002
CR000523,C00338,Consumo,42067.55,2026-06-09,0,0.1757,0.0858
CR000524,C00150,Consumo,34195.58,2026-05-25,0,0.3771,1.1454
CR000525,C00180,Tarjeta,4674.88,2026-06-04,0,0.1769,0.0502
CR000526,C00193,Capital de Trabajo,103565.05,2026-05-20,0,0.2261,0.4016
CR000527,C00263,Consumo,28314.6,2026-05-11,0,0.3705,0.8271
CR000528,C00437,Consumo,57115.5,2026-05-05,0,0.1735,0.0999
CR000529,C00412,Capital de Trabajo,11831.38,2026-06-21,0,0.2771,0.0697
CR000530,C00011,Tarjeta,4151.34,2026-03-03,51,0.2813,0.0522
CR000531,C00145,Consumo,26685.96,2026-05-24,0,0.2659,0.308
CR000532,C00173,Consumo,28508.09,2026-05-27,0,0.2561,0.3754
CR000533,C00282,Consumo,12408.24,2026-05-15,0,0.4006,0.1512
CR000534,C00376,Consumo,30441.16,2026-05-27,0,0.3701,0.3239
CR000535,C00286,Vehicular,5321.96,2026-06-07,0,0.3049,0.1372
CR000536,C00057,Tarjeta,101116.31,2026-05-01,0,0.2148,0.8175
CR000537,C00365,Capital de Trabajo,21041.95,2026-05-29,0,0.2413,0.0877
CR000538,C00005,Tarjeta,131902.95,2026-05-31,0,0.1242,0.5005
CR000539,C00176,Consumo,17894.34,2026-06-18,0,0.2383,0.5386
CR000540,C00444,Consumo,11205.61,2026-06-02,0,0.2259,0.1158
CR000541,C00026,Consumo,17729.9,2026-06-07,0,0.1631,0.2475
CR000542,C00415,Consumo,23507.57,2026-06-04,0,0.2878,0.3308
CR000543,C00021,Consumo,2359.63,2026-05-24,0,0.2471,0.0487
CR000544,C00024,Tarjeta,39162.13,2026-06-04,0,0.3511,0.3245
CR000545,C00380,Tarjeta,15395.4,2026-05-02,0,0.2571,0.1664
CR000546,C00249,Tarjeta,26332.08,2026-06-17,0,0.2165,0.9394
CR000547,C00136,Capital de Trabajo,41100.14,2026-06-06,0,0.2783,0.3871
CR000548,C00179,Consumo,7771.84,2026-06-12,0,0.3334,0.1551
CR000549,C00411,Tarjeta,26666.79,2026-06-21,0,0.2606,0.5343
CR000550,C00318,Vehicular,13916.27,2026-06-15,0,0.2927,0.1695
CR000551,C00358,Vehicular,11773.26,2026-05-15,0,0.3979,0.1564
CR000552,C00232,Tarjeta,9592.49,2026-03-21,33,0.2394,0.0765
CR000553,C00039,Tarjeta,29588.52,2026-05-07,0,0.1707,0.4569
CR000554,C00121,Consumo,5607.32,2026-04-06,17,0.1867,0.1203
CR000555,C00434,Capital de Trabajo,33328.61,2026-06-01,0,0.334,0.3065
CR000556,C00238,Capital de Trabajo,71286.14,2026-06-04,0,0.1872,0.256
CR000557,C00136,Capital de Trabajo,52026.76,2026-05-26,0,0.2271,0.49
CR000558,C00120,Consumo,6961.59,2026-05-03,0,0.3944,0.0778
CR000559,C00112,Consumo,14303.48,2026-05-03,0,0.3284,0.3037
CR000560,C00039,Consumo,10021.86,2026-05-21,0,0.3831,0.1548
CR000561,C00378,Tarjeta,48326.95,2026-06-15,0,0.1482,0.2712
CR000562,C00399,Tarjeta,7830.94,2026-06-13,0,0.3912,0.2607
CR000563,C00244,Capital de Trabajo,40270.07,2026-05-18,0,0.2858,0.4918
CR000564,C00370,Tarjeta,40521.06,2026-05-15,0,0.3358,0.4242
CR000565,C00232,Consumo,38507.42,2026-05-23,0,0.3681,0.3069
CR000566,C00430,Capital de Trabajo,75041.45,2026-06-05,0,0.1395,0.6583
CR000567,C00437,Consumo,41018.44,2026-05-07,0,0.1514,0.0717
CR000568,C00043,Consumo,237613.98,2026-05-19,0,0.1659,0.8381
CR000569,C00118,Consumo,29142.5,2026-05-25,0,0.1651,0.5383
CR000570,C00023,Tarjeta,39313.08,2025-12-25,119,0.2219,0.478
CR000571,C00239,Capital de Trabajo,31563.52,2026-06-19,0,0.3285,1.044
CR000572,C00092,Tarjeta,9125.97,2026-05-18,0,0.3162,0.1917
CR000573,C00391,Capital de Trabajo,10232.53,2026-05-17,0,0.2887,0.0477
CR000574,C00037,Consumo,4656.83,2026-06-21,0,0.1488,0.0457
CR000575,C00245,Tarjeta,18774.08,2026-05-07,0,0.3711,0.2008
CR000576,C00142,Tarjeta,8050.81,2026-06-02,0,0.2186,0.3647
CR000577,C00236,Vehicular,15758.27,2026-05-21,0,0.2118,0.1796
CR000578,C00190,Tarjeta,35624.35,2026-05-02,0,0.2835,0.4534
CR000579,C00044,Consumo,98655.64,2026-05-26,0,0.2047,0.3676
CR000580,C00010,Tarjeta,17507.24,2026-06-19,0,0.296,0.3307
CR000581,C00095,Tarjeta,17031.94,2026-06-04,0,0.1436,0.1544
CR000582,C00371,Consumo,30421.43,2026-06-12,0,0.2279,0.3476
CR000583,C00154,Vehicular,31687.05,2026-05-09,0,0.4128,0.5134
CR000584,C00415,Tarjeta,10310.33,2026-05-29,0,0.2601,0.1451
CR000585,C00356,Tarjeta,17702.75,2026-05-20,0,0.2812,0.1162
CR000586,C00194,Consumo,18331.38,2026-06-04,0,0.3755,0.4409
CR000587,C00110,Consumo,7199.49,2026-06-16,0,0.37,0.0817
CR000588,C00254,Capital de Trabajo,69763.1,2026-06-04,0,0.2272,0.5407
CR000589,C00185,Consumo,44034.11,2026-06-13,0,0.2618,1.0621
CR000590,C00302,Capital de Trabajo,52820.21,2026-05-21,0,0.2007,0.1864
CR000591,C00278,Hipotecario,200419.58,2026-05-18,0,0.2066,0.3529
CR000592,C00054,Tarjeta,92713.42,2026-05-07,0,0.1389,1.2669
CR000593,C00390,Tarjeta,29595.38,2026-05-17,0,0.2126,0.5221
CR000594,C00097,Capital de Trabajo,16024.18,2026-04-14,9,0.3334,0.1358
CR000595,C00100,Vehicular,20291.61,2026-06-11,0,0.3759,0.2352
CR000596,C00009,Capital de Trabajo,105502.01,2026-06-13,0,0.2887,0.3542
CR000597,C00284,Tarjeta,10317.6,2026-01-23,90,0.4152,0.1018
CR000598,C00365,Capital de Trabajo,96826.95,2026-05-28,0,0.296,0.4037
CR000599,C00156,Vehicular,26864.4,2026-06-05,0,0.3751,0.442
CR000600,C00126,Tarjeta,6884.5,2026-05-02,0,0.3803,0.0971
CR000601,C00114,Consumo,15708.06,2026-06-14,0,0.4129,0.595
CR000602,C00446,Consumo,33359.58,2026-05-23,0,0.3386,0.9779
CR000603,C00307,Tarjeta,117925.77,2026-06-01,0,0.2007,1.1232
CR000604,C00238,Tarjeta,90245.81,2026-05-15,0,0.2866,0.3241
CR000605,C00081,Capital de Trabajo,33579.89,2026-06-05,0,0.2003,0.2526
CR000606,C00251,Capital de Trabajo,75040.14,2026-04-04,19,0.184,0.3865
CR000607,C00402,Tarjeta,8417.41,2026-06-12,0,0.1556,0.1522
CR000608,C00010,Consumo,18489.14,2026-05-19,0,0.4122,0.3492
CR000609,C00422,Hipotecario,258089.51,2026-05-08,0,0.1312,1.038
CR000610,C00269,Vehicular,25200.14,2026-06-12,0,0.3795,0.3644
CR000611,C00183,Tarjeta,22953.09,2026-06-02,0,0.2697,0.346
CR000612,C00206,Vehicular,13183.18,2026-05-17,0,0.2675,0.1584
CR000613,C00424,Capital de Trabajo,72784.84,2026-06-11,0,0.2855,0.2444
CR000614,C00263,Consumo,25031.85,2026-02-28,54,0.4161,0.7312
CR000615,C00084,Consumo,10299.11,2026-06-02,0,0.2747,0.455
CR000616,C00427,Capital de Trabajo,9956.53,2026-06-17,0,0.1977,0.0421
CR000617,C00337,Capital de Trabajo,84086.13,2026-06-08,0,0.2286,0.296
CR000618,C00195,Capital de Trabajo,71903.52,2026-05-17,0,0.2904,0.5062
CR000619,C00446,Capital de Trabajo,42774.23,2026-05-29,0,0.1722,1.2538
CR000620,C00206,Consumo,28851.74,2026-06-20,0,0.2211,0.3467
CR000621,C00239,Consumo,33395.32,2026-06-01,0,0.2185,1.1046
CR000622,C00043,Consumo,98541.17,2026-06-12,0,0.2101,0.3476
CR000623,C00142,Consumo,1611.71,2026-06-04,0,0.2784,0.073
CR000624,C00239,Consumo,4019.31,2026-05-13,0,0.2592,0.1329
CR000625,C00137,Capital de Trabajo,48517.87,2026-06-02,0,0.2424,0.2386
CR000626,C00292,Tarjeta,27418.97,2026-06-10,0,0.2722,0.7947
CR000627,C00177,Consumo,28978.18,2026-06-08,0,0.4097,0.2816
CR000628,C00074,Consumo,20690.98,2026-05-10,0,0.155,0.7964
CR000629,C00450,Consumo,8380.21,2026-05-07,0,0.3107,0.1556
CR000630,C00254,Consumo,60841.4,2026-05-12,0,0.2259,0.4716
CR000631,C00240,Hipotecario,262149.51,2026-05-26,0,0.1255,0.6598
CR000632,C00141,Tarjeta,16626.69,2026-06-09,0,0.2474,0.4969
CR000633,C00170,Capital de Trabajo,41897.94,2026-05-30,0,0.231,0.5809
CR000634,C00167,Consumo,228595.91,2026-05-13,0,0.1517,0.3644
CR000635,C00233,Capital de Trabajo,18025.78,2026-05-07,0,0.2717,0.1863
CR000636,C00403,Consumo,10528.07,2026-05-08,0,0.2635,0.0562
CR000637,C00293,Hipotecario,229789.49,2026-06-16,0,0.1068,0.7728
CR000638,C00028,Consumo,24619.02,2026-02-24,58,0.1875,0.2992
CR000639,C00135,Consumo,38168.79,2026-05-01,0,0.2457,0.4681
CR000640,C00259,Vehicular,22136.68,2026-05-30,0,0.3506,0.6269
CR000641,C00395,Tarjeta,22012.99,2026-05-28,0,0.3175,0.3975
CR000642,C00151,Capital de Trabajo,20342.34,2026-05-03,0,0.2745,0.1524
CR000643,C00204,Consumo,10627.27,2026-05-17,0,0.3456,0.2261
CR000644,C00302,Capital de Trabajo,20653.93,2026-06-16,0,0.1938,0.0729
CR000645,C00002,Capital de Trabajo,61388.26,2026-05-16,0,0.127,0.2222
CR000646,C00258,Hipotecario,64076.47,2026-06-02,0,0.1267,0.146
CR000647,C00291,Consumo,44992.89,2026-06-12,0,0.1785,2.1331
CR000648,C00268,Consumo,32094.58,2026-06-10,0,0.1828,0.1092
CR000649,C00379,Consumo,84165.12,2026-06-03,0,0.1206,0.3286
CR000650,C00135,Consumo,39544.98,2026-03-06,48,0.1501,0.485
CR000651,C00388,Consumo,34611.71,2026-06-07,0,0.1257,0.2973
CR000652,C00062,Consumo,6568.68,2026-04-28,0,0.1835,0.0691
CR000653,C00332,Consumo,110222.11,2026-05-17,0,0.2055,0.3916
CR000654,C00211,Consumo,30316.83,2026-05-15,0,0.3099,0.2864
CR000655,C00212,Tarjeta,7875.47,2026-05-02,0,0.164,0.1989
CR000656,C00370,Capital de Trabajo,38892.52,2026-06-09,0,0.3551,0.4071
CR000657,C00222,Consumo,29499.31,2026-05-24,0,0.1666,0.5143
CR000658,C00041,Consumo,18814.59,2026-04-29,0,0.357,0.1947
CR000659,C00059,Tarjeta,28540.59,2026-06-17,0,0.2988,0.495
CR000660,C00422,Hipotecario,28528.78,2026-05-27,0,0.0864,0.1147
CR000661,C00137,Capital de Trabajo,45237.08,2026-05-09,0,0.2347,0.2225
CR000662,C00149,Tarjeta,20635.49,2026-05-12,0,0.1661,0.2481
CR000663,C00061,Hipotecario,250438.79,2026-04-11,12,0.1069,0.4217
CR000664,C00044,Consumo,78866.45,2026-04-07,16,0.2301,0.2939
CR000665,C00070,Tarjeta,246415.17,2026-05-03,0,0.0895,0.6765
CR000666,C00223,Consumo,4234.44,2026-05-15,0,0.3766,0.0651
CR000667,C00015,Capital de Trabajo,103053.03,2026-05-05,0,0.2623,0.8001
CR000668,C00269,Tarjeta,4106.29,2026-06-18,0,0.3807,0.0594
CR000669,C00188,Tarjeta,15660.73,2026-06-01,0,0.2991,0.3817
CR000670,C00321,Capital de Trabajo,44121.01,2026-04-29,0,0.2772,0.4093
CR000671,C00386,Hipotecario,246718.28,2026-06-05,0,0.2144,0.7611
CR000672,C00436,Consumo,3594.42,2026-05-08,0,0.297,0.0521
CR000673,C00190,Tarjeta,26278.35,2026-05-08,0,0.2384,0.3345
CR000674,C00115,Capital de Trabajo,35256.94,2026-06-19,0,0.2458,0.4892
CR000675,C00132,Consumo,61450.13,2026-04-30,0,0.244,0.2177
CR000676,C00087,Consumo,117138.51,2026-05-12,0,0.1185,0.1844
CR000677,C00234,Tarjeta,33518.27,2026-06-21,0,0.2726,0.3506
CR000678,C00320,Capital de Trabajo,27078.14,2026-06-14,0,0.168,1.2513
CR000679,C00292,Consumo,33047.61,2026-05-25,0,0.3899,0.9578
CR000680,C00413,Hipotecario,95923.45,2026-05-29,0,0.1842,0.3091
CR000681,C00258,Hipotecario,219161.74,2026-06-17,0,0.2115,0.4995
CR000682,C00074,Vehicular,29944.98,2026-05-16,0,0.4171,1.1526
CR000683,C00213,Consumo,20341.96,2026-05-23,0,0.182,0.2336
CR000684,C00316,Consumo,27343.72,2026-06-08,0,0.318,0.2684
CR000685,C00229,Consumo,51718.91,2026-06-07,0,0.27,0.5041
CR000686,C00247,Consumo,19012.12,2026-06-21,0,0.4028,0.2452
CR000687,C00332,Capital de Trabajo,110822.64,2026-05-11,0,0.248,0.3938
CR000688,C00414,Tarjeta,1506.05,2026-06-10,0,0.2368,0.0155
CR000689,C00158,Vehicular,17084.71,2026-05-12,0,0.2455,0.2018
CR000690,C00089,Consumo,14463.56,2026-05-19,0,0.2237,0.163
CR000691,C00113,Tarjeta,7238.65,2026-05-30,0,0.307,0.0856
CR000692,C00337,Consumo,77484.25,2026-05-25,0,0.2826,0.2728
CR000693,C00432,Consumo,31627.99,2026-06-12,0,0.39,0.642
CR000694,C00346,Hipotecario,248229.99,2026-05-22,0,0.1332,0.7522
CR000695,C00333,Tarjeta,15048.9,2026-04-29,0,0.218,0.2315
CR000696,C00144,Consumo,35997.23,2026-04-19,4,0.1559,0.3647
CR000697,C00007,Consumo,8193.95,2026-05-12,0,0.268,0.1557
CR000698,C00353,Consumo,22286.11,2026-05-01,0,0.2352,0.2501
CR000699,C00150,Capital de Trabajo,10430.82,2026-05-28,0,0.1697,0.3494
CR000700,C00215,Tarjeta,5007.75,2026-04-28,0,0.2462,0.0697
CR000701,C00283,Tarjeta,184468.89,2026-06-05,0,0.1157,0.5174
CR000702,C00142,Tarjeta,3571.92,2026-06-21,0,0.1829,0.1618
CR000703,C00227,Consumo,14399.58,2026-05-16,0,0.4052,0.5161
CR000704,C00011,Consumo,16776.95,2026-05-06,0,0.1803,0.2111
CR000705,C00104,Tarjeta,32248.57,2026-06-09,0,0.2444,0.2244
CR000706,C00294,Vehicular,8496.84,2026-06-16,0,0.2615,0.0846
CR000707,C00310,Tarjeta,36135.22,2026-06-13,0,0.36,0.3185
CR000708,C00382,Consumo,29559.99,2026-05-24,0,0.2743,0.4482
CR000709,C00355,Consumo,9148.06,2026-05-19,0,0.2469,0.1353
CR000710,C00006,Tarjeta,242993.42,2026-05-07,0,0.1601,1.0631
CR000711,C00402,Tarjeta,14990.1,2026-05-21,0,0.2219,0.2711
CR000712,C00041,Consumo,7835.57,2026-05-13,0,0.325,0.0811
CR000713,C00270,Tarjeta,260228.4,2026-06-21,0,0.147,0.5343
CR000714,C00319,Consumo,64330.95,2026-04-30,0,0.2487,0.4596
CR000715,C00087,Hipotecario,152033.99,2026-05-23,0,0.1318,0.2393
CR000716,C00178,Vehicular,33920.58,2026-05-29,0,0.2169,0.3979
CR000717,C00169,Tarjeta,16958.84,2026-05-03,0,0.3291,0.1579
CR000718,C00015,Capital de Trabajo,20869.74,2026-05-25,0,0.1802,0.162
CR000719,C00366,Vehicular,5697.58,2026-05-18,0,0.3388,0.0596
CR000720,C00430,Tarjeta,90023.22,2026-05-16,0,0.2738,0.7897
